,SSID,Capabilities,BSSID,Level,Timestamp,Venue Name
0,NVA1821-1,[WPA2-PSK-CCMP+TKIP][RSN-PSK-CCMP+TKIP][WPA-PSK-CCMP+TKIP][ESS],c0:ac:54:f8:b4:a4,-48,6 days,
1,NVA1821-2,[WPA2-PSK-CCMP+TKIP][RSN-PSK-CCMP+TKIP][WPA-PSK-CCMP+TKIP][ESS],c0:ac:54:f8:c2:85,-71,6 days,
2,HOTBOX 4-D208,[WPA2-PSK-CCMP+TKIP][RSN-PSK-CCMP+TKIP][WPA-PSK-CCMP+TKIP][ESS],98:1e:19:7e:d2:0e,-78,6 days,
3,Kahalanosh,[WPA2-PSK-CCMP+TKIP][RSN-PSK-CCMP+TKIP][WPA-PSK-CCMP+TKIP][ESS],d4:7b:b0:79:b8:7b,-86,6 days,
4,BATCAVE,[WPA2-PSK-CCMP+TKIP][RSN-PSK-CCMP+TKIP][WPA-PSK-CCMP+TKIP][ESS],c0:ac:54:f8:b3:02,-90,6 days,
0,bemeshIKKF,[WPA2-PSK-CCMP][RSN-PSK-CCMP][ESS][WPS],00:b8:c2:54:79:0c,-93,7 days,
1,HOTBOX-618E,[WPA2-PSK-CCMP+TKIP][RSN-PSK-CCMP+TKIP][WPA-PSK-CCMP+TKIP][ESS],c0:ac:54:f8:c2:c6,-94,7 days,
2,HOTBOX-6188,[WPA2-PSK-CCMP+TKIP][RSN-PSK-CCMP+TKIP][WPA-PSK-CCMP+TKIP][ESS],c0:ac:54:f8:97:b3,-94,7 days,
0,bemeshIKKF,[WPA2-PSK-CCMP][RSN-PSK-CCMP][ESS][WPS],00:b8:c2:54:79:0c,-93,7 days,
1,HOTBOX-618E,[WPA2-PSK-CCMP+TKIP][RSN-PSK-CCMP+TKIP][WPA-PSK-CCMP+TKIP][ESS],c0:ac:54:f8:c2:c6,-94,7 days,
2,HOTBOX-6188,[WPA2-PSK-CCMP+TKIP][RSN-PSK-CCMP+TKIP][WPA-PSK-CCMP+TKIP][ESS],c0:ac:54:f8:97:b3,-94,7 days,
0,bemeshIKKF,[WPA2-PSK-CCMP][RSN-PSK-CCMP][ESS][WPS],00:b8:c2:54:79:0c,-93,7 days,
1,HOTBOX-618E,[WPA2-PSK-CCMP+TKIP][RSN-PSK-CCMP+TKIP][WPA-PSK-CCMP+TKIP][ESS],c0:ac:54:f8:c2:c6,-94,7 days,
2,HOTBOX-6188,[WPA2-PSK-CCMP+TKIP][RSN-PSK-CCMP+TKIP][WPA-PSK-CCMP+TKIP][ESS],c0:ac:54:f8:97:b3,-94,7 days,
0,bemeshIKKF,[WPA2-PSK-CCMP][RSN-PSK-CCMP][ESS][WPS],00:b8:c2:54:79:0c,-93,7 days,
1,HOTBOX-618E,[WPA2-PSK-CCMP+TKIP][RSN-PSK-CCMP+TKIP][WPA-PSK-CCMP+TKIP][ESS],c0:ac:54:f8:c2:c6,-94,7 days,
2,HOTBOX-6188,[WPA2-PSK-CCMP+TKIP][RSN-PSK-CCMP+TKIP][WPA-PSK-CCMP+TKIP][ESS],c0:ac:54:f8:97:b3,-94,7 days,
0,bemeshIKKF,[WPA2-PSK-CCMP][RSN-PSK-CCMP][ESS][WPS],00:b8:c2:54:79:0b,-81,7 days,
1,bemeshIKKF,[WPA2-PSK-CCMP][RSN-PSK-CCMP][ESS][WPS],00:b8:c2:54:79:0c,-85,7 days,
2,,[WPA2-PSK-CCMP][RSN-PSK-CCMP][ESS],62:b8:c2:54:79:0d,-85,7 days,
3,Home-5GHz,[WPA2-PSK-CCMP+TKIP][RSN-PSK-CCMP+TKIP][WPA-PSK-CCMP+TKIP][ESS],98:1e:19:7d:f7:47,-88,7 days,
4,HOTBOX-5A2A,[WPA2-PSK-CCMP+TKIP][RSN-PSK-CCMP+TKIP][WPA-PSK-CCMP+TKIP][ESS],70:0b:01:ec:5a:30,-89,7 days,
5,HOTBOX-61B2,[WPA2-PSK-CCMP+TKIP][RSN-PSK-CCMP+TKIP][WPA-PSK-CCMP+TKIP][ESS],c0:ac:54:f8:b1:ec,-89,7 days,
6,rm -rf,[WPA2-PSK-CCMP+TKIP][RSN-PSK-CCMP+TKIP][WPA-PSK-CCMP+TKIP][ESS],7c:03:4c:fe:ec:48,-91,7 days,
7,HOTBOX-61A6,[WPA2-PSK-CCMP+TKIP][RSN-PSK-CCMP+TKIP][WPA-PSK-CCMP+TKIP][ESS],c0:ac:54:f8:97:c3,-91,7 days,
8,Roika2.4,[WPA2-PSK-CCMP+TKIP][RSN-PSK-CCMP+TKIP][WPA-PSK-CCMP+TKIP][ESS],98:1e:19:7e:b3:3e,-94,7 days,
9,Avraham_ortal,[WPA2-PSK-CCMP+TKIP][RSN-PSK-CCMP+TKIP][WPA-PSK-CCMP+TKIP][ESS],d8:fb:5e:17:44:8d,-94,7 days,
0,bemeshIKKF,[WPA2-PSK-CCMP][RSN-PSK-CCMP][ESS][WPS],00:b8:c2:54:79:0b,-81,7 days,
1,bemeshIKKF,[WPA2-PSK-CCMP][RSN-PSK-CCMP][ESS][WPS],00:b8:c2:54:79:0c,-85,7 days,
2,,[WPA2-PSK-CCMP][RSN-PSK-CCMP][ESS],62:b8:c2:54:79:0d,-85,7 days,
3,Home-5GHz,[WPA2-PSK-CCMP+TKIP][RSN-PSK-CCMP+TKIP][WPA-PSK-CCMP+TKIP][ESS],98:1e:19:7d:f7:47,-88,7 days,
4,HOTBOX-5A2A,[WPA2-PSK-CCMP+TKIP][RSN-PSK-CCMP+TKIP][WPA-PSK-CCMP+TKIP][ESS],70:0b:01:ec:5a:30,-89,7 days,
5,HOTBOX-61B2,[WPA2-PSK-CCMP+TKIP][RSN-PSK-CCMP+TKIP][WPA-PSK-CCMP+TKIP][ESS],c0:ac:54:f8:b1:ec,-89,7 days,
6,rm -rf,[WPA2-PSK-CCMP+TKIP][RSN-PSK-CCMP+TKIP][WPA-PSK-CCMP+TKIP][ESS],7c:03:4c:fe:ec:48,-91,7 days,
7,HOTBOX-61A6,[WPA2-PSK-CCMP+TKIP][RSN-PSK-CCMP+TKIP][WPA-PSK-CCMP+TKIP][ESS],c0:ac:54:f8:97:c3,-91,7 days,
8,Roika2.4,[WPA2-PSK-CCMP+TKIP][RSN-PSK-CCMP+TKIP][WPA-PSK-CCMP+TKIP][ESS],98:1e:19:7e:b3:3e,-94,7 days,
9,Avraham_ortal,[WPA2-PSK-CCMP+TKIP][RSN-PSK-CCMP+TKIP][WPA-PSK-CCMP+TKIP][ESS],d8:fb:5e:17:44:8d,-94,7 days,
0,bemeshIKKF,[WPA2-PSK-CCMP][RSN-PSK-CCMP][ESS][WPS],00:b8:c2:54:79:0b,-81,7 days,
1,bemeshIKKF,[WPA2-PSK-CCMP][RSN-PSK-CCMP][ESS][WPS],00:b8:c2:54:79:0c,-85,7 days,
2,,[WPA2-PSK-CCMP][RSN-PSK-CCMP][ESS],62:b8:c2:54:79:0d,-85,7 days,
3,Home-5GHz,[WPA2-PSK-CCMP+TKIP][RSN-PSK-CCMP+TKIP][WPA-PSK-CCMP+TKIP][ESS],98:1e:19:7d:f7:47,-88,7 days,
4,HOTBOX-5A2A,[WPA2-PSK-CCMP+TKIP][RSN-PSK-CCMP+TKIP][WPA-PSK-CCMP+TKIP][ESS],70:0b:01:ec:5a:30,-89,7 days,
5,HOTBOX-61B2,[WPA2-PSK-CCMP+TKIP][RSN-PSK-CCMP+TKIP][WPA-PSK-CCMP+TKIP][ESS],c0:ac:54:f8:b1:ec,-89,7 days,
6,rm -rf,[WPA2-PSK-CCMP+TKIP][RSN-PSK-CCMP+TKIP][WPA-PSK-CCMP+TKIP][ESS],7c:03:4c:fe:ec:48,-91,7 days,
7,HOTBOX-61A6,[WPA2-PSK-CCMP+TKIP][RSN-PSK-CCMP+TKIP][WPA-PSK-CCMP+TKIP][ESS],c0:ac:54:f8:97:c3,-91,7 days,
8,Roika2.4,[WPA2-PSK-CCMP+TKIP][RSN-PSK-CCMP+TKIP][WPA-PSK-CCMP+TKIP][ESS],98:1e:19:7e:b3:3e,-94,7 days,
9,Avraham_ortal,[WPA2-PSK-CCMP+TKIP][RSN-PSK-CCMP+TKIP][WPA-PSK-CCMP+TKIP][ESS],d8:fb:5e:17:44:8d,-94,7 days,
0,bemeshIKKF,[WPA2-PSK-CCMP][RSN-PSK-CCMP][ESS][WPS],00:b8:c2:54:79:0b,-81,7 days,
1,bemeshIKKF,[WPA2-PSK-CCMP][RSN-PSK-CCMP][ESS][WPS],00:b8:c2:54:79:0c,-85,7 days,
2,,[WPA2-PSK-CCMP][RSN-PSK-CCMP][ESS],62:b8:c2:54:79:0d,-85,7 days,
3,Home-5GHz,[WPA2-PSK-CCMP+TKIP][RSN-PSK-CCMP+TKIP][WPA-PSK-CCMP+TKIP][ESS],98:1e:19:7d:f7:47,-88,7 days,
4,HOTBOX-5A2A,[WPA2-PSK-CCMP+TKIP][RSN-PSK-CCMP+TKIP][WPA-PSK-CCMP+TKIP][ESS],70:0b:01:ec:5a:30,-89,7 days,
5,HOTBOX-61B2,[WPA2-PSK-CCMP+TKIP][RSN-PSK-CCMP+TKIP][WPA-PSK-CCMP+TKIP][ESS],c0:ac:54:f8:b1:ec,-89,7 days,
6,rm -rf,[WPA2-PSK-CCMP+TKIP][RSN-PSK-CCMP+TKIP][WPA-PSK-CCMP+TKIP][ESS],7c:03:4c:fe:ec:48,-91,7 days,
7,HOTBOX-61A6,[WPA2-PSK-CCMP+TKIP][RSN-PSK-CCMP+TKIP][WPA-PSK-CCMP+TKIP][ESS],c0:ac:54:f8:97:c3,-91,7 days,
8,Roika2.4,[WPA2-PSK-CCMP+TKIP][RSN-PSK-CCMP+TKIP][WPA-PSK-CCMP+TKIP][ESS],98:1e:19:7e:b3:3e,-94,7 days,
9,Avraham_ortal,[WPA2-PSK-CCMP+TKIP][RSN-PSK-CCMP+TKIP][WPA-PSK-CCMP+TKIP][ESS],d8:fb:5e:17:44:8d,-94,7 days,
0,bemeshIKKF,[WPA2-PSK-CCMP][RSN-PSK-CCMP][ESS][WPS],00:b8:c2:54:79:0b,-81,7 days,
1,bemeshIKKF,[WPA2-PSK-CCMP][RSN-PSK-CCMP][ESS][WPS],00:b8:c2:54:79:0c,-85,7 days,
2,,[WPA2-PSK-CCMP][RSN-PSK-CCMP][ESS],62:b8:c2:54:79:0d,-85,7 days,
3,Home-5GHz,[WPA2-PSK-CCMP+TKIP][RSN-PSK-CCMP+TKIP][WPA-PSK-CCMP+TKIP][ESS],98:1e:19:7d:f7:47,-88,7 days,
4,HOTBOX-5A2A,[WPA2-PSK-CCMP+TKIP][RSN-PSK-CCMP+TKIP][WPA-PSK-CCMP+TKIP][ESS],70:0b:01:ec:5a:30,-89,7 days,
5,HOTBOX-61B2,[WPA2-PSK-CCMP+TKIP][RSN-PSK-CCMP+TKIP][WPA-PSK-CCMP+TKIP][ESS],c0:ac:54:f8:b1:ec,-89,7 days,
6,rm -rf,[WPA2-PSK-CCMP+TKIP][RSN-PSK-CCMP+TKIP][WPA-PSK-CCMP+TKIP][ESS],7c:03:4c:fe:ec:48,-91,7 days,
7,HOTBOX-61A6,[WPA2-PSK-CCMP+TKIP][RSN-PSK-CCMP+TKIP][WPA-PSK-CCMP+TKIP][ESS],c0:ac:54:f8:97:c3,-91,7 days,
8,Roika2.4,[WPA2-PSK-CCMP+TKIP][RSN-PSK-CCMP+TKIP][WPA-PSK-CCMP+TKIP][ESS],98:1e:19:7e:b3:3e,-94,7 days,
9,Avraham_ortal,[WPA2-PSK-CCMP+TKIP][RSN-PSK-CCMP+TKIP][WPA-PSK-CCMP+TKIP][ESS],d8:fb:5e:17:44:8d,-94,7 days,
0,bemeshIKKF,[WPA2-PSK-CCMP][RSN-PSK-CCMP][ESS][WPS],00:b8:c2:54:79:0b,-81,7 days,
1,bemeshIKKF,[WPA2-PSK-CCMP][RSN-PSK-CCMP][ESS][WPS],00:b8:c2:54:79:0c,-85,7 days,
2,,[WPA2-PSK-CCMP][RSN-PSK-CCMP][ESS],62:b8:c2:54:79:0d,-85,7 days,
3,Home-5GHz,[WPA2-PSK-CCMP+TKIP][RSN-PSK-CCMP+TKIP][WPA-PSK-CCMP+TKIP][ESS],98:1e:19:7d:f7:47,-88,7 days,
4,HOTBOX-5A2A,[WPA2-PSK-CCMP+TKIP][RSN-PSK-CCMP+TKIP][WPA-PSK-CCMP+TKIP][ESS],70:0b:01:ec:5a:30,-89,7 days,
5,HOTBOX-61B2,[WPA2-PSK-CCMP+TKIP][RSN-PSK-CCMP+TKIP][WPA-PSK-CCMP+TKIP][ESS],c0:ac:54:f8:b1:ec,-89,7 days,
6,rm -rf,[WPA2-PSK-CCMP+TKIP][RSN-PSK-CCMP+TKIP][WPA-PSK-CCMP+TKIP][ESS],7c:03:4c:fe:ec:48,-91,7 days,
7,HOTBOX-61A6,[WPA2-PSK-CCMP+TKIP][RSN-PSK-CCMP+TKIP][WPA-PSK-CCMP+TKIP][ESS],c0:ac:54:f8:97:c3,-91,7 days,
8,Roika2.4,[WPA2-PSK-CCMP+TKIP][RSN-PSK-CCMP+TKIP][WPA-PSK-CCMP+TKIP][ESS],98:1e:19:7e:b3:3e,-94,7 days,
9,Avraham_ortal,[WPA2-PSK-CCMP+TKIP][RSN-PSK-CCMP+TKIP][WPA-PSK-CCMP+TKIP][ESS],d8:fb:5e:17:44:8d,-94,7 days,
0,NVA1821-1,[WPA2-PSK-CCMP+TKIP][RSN-PSK-CCMP+TKIP][WPA-PSK-CCMP+TKIP][ESS],c0:ac:54:f8:b4:a4,-41,7 days,
1,NVA1821-2,[WPA2-PSK-CCMP+TKIP][RSN-PSK-CCMP+TKIP][WPA-PSK-CCMP+TKIP][ESS],c0:ac:54:f8:c2:85,-74,7 days,
2,HOTBOX 4-D208,[WPA2-PSK-CCMP+TKIP][RSN-PSK-CCMP+TKIP][WPA-PSK-CCMP+TKIP][ESS],98:1e:19:7e:d2:0e,-85,7 days,
3,Elad&Hadas,[WPA2-PSK-CCMP+TKIP][RSN-PSK-CCMP+TKIP][WPA-PSK-CCMP+TKIP][ESS],00:78:9e:fb:be:fc,-87,7 days,
4,Dungeon,[WPA2-PSK-CCMP+TKIP][RSN-PSK-CCMP+TKIP][WPA-PSK-CCMP+TKIP][ESS],c0:ac:54:f8:e1:2a,-94,7 days,
0,bemeshIKKF,[WPA2-PSK-CCMP][RSN-PSK-CCMP][ESS][WPS],00:b8:c2:54:79:0b,-81,7 days,
1,bemeshIKKF,[WPA2-PSK-CCMP][RSN-PSK-CCMP][ESS][WPS],00:b8:c2:54:79:0c,-85,7 days,
2,,[WPA2-PSK-CCMP][RSN-PSK-CCMP][ESS],62:b8:c2:54:79:0d,-85,7 days,
3,Home-5GHz,[WPA2-PSK-CCMP+TKIP][RSN-PSK-CCMP+TKIP][WPA-PSK-CCMP+TKIP][ESS],98:1e:19:7d:f7:47,-88,7 days,
4,HOTBOX-5A2A,[WPA2-PSK-CCMP+TKIP][RSN-PSK-CCMP+TKIP][WPA-PSK-CCMP+TKIP][ESS],70:0b:01:ec:5a:30,-89,7 days,
5,HOTBOX-61B2,[WPA2-PSK-CCMP+TKIP][RSN-PSK-CCMP+TKIP][WPA-PSK-CCMP+TKIP][ESS],c0:ac:54:f8:b1:ec,-89,7 days,
6,rm -rf,[WPA2-PSK-CCMP+TKIP][RSN-PSK-CCMP+TKIP][WPA-PSK-CCMP+TKIP][ESS],7c:03:4c:fe:ec:48,-91,7 days,
7,HOTBOX-61A6,[WPA2-PSK-CCMP+TKIP][RSN-PSK-CCMP+TKIP][WPA-PSK-CCMP+TKIP][ESS],c0:ac:54:f8:97:c3,-91,7 days,
8,Roika2.4,[WPA2-PSK-CCMP+TKIP][RSN-PSK-CCMP+TKIP][WPA-PSK-CCMP+TKIP][ESS],98:1e:19:7e:b3:3e,-94,7 days,
9,Avraham_ortal,[WPA2-PSK-CCMP+TKIP][RSN-PSK-CCMP+TKIP][WPA-PSK-CCMP+TKIP][ESS],d8:fb:5e:17:44:8d,-94,7 days,
0,PB12112,[WPA2-PSK-CCMP+TKIP][RSN-PSK-CCMP+TKIP][WPA-PSK-CCMP+TKIP][ESS],c0:ac:54:f8:dc:a7,-89,7 days,
1,Elad&Hadas,[WPA2-PSK-CCMP+TKIP][RSN-PSK-CCMP+TKIP][WPA-PSK-CCMP+TKIP][ESS],00:78:9e:fb:be:fc,-93,7 days,
2,Onm,[WPA2-PSK-CCMP+TKIP][RSN-PSK-CCMP+TKIP][WPA-PSK-CCMP+TKIP][ESS],c0:ac:54:f8:de:1a,-93,7 days,
3,pb12131,[WPA2-PSK-CCMP+TKIP][RSN-PSK-CCMP+TKIP][WPA-PSK-CCMP+TKIP][ESS],00:78:9e:fa:dd:ca,-95,7 days,
4,HOTBOX-AB14,[WPA2-PSK-CCMP+TKIP][RSN-PSK-CCMP+TKIP][WPA-PSK-CCMP+TKIP][ESS],c0:ac:54:f8:de:24,-96,7 days,
0,HOTBOX-5A2A,[WPA2-PSK-CCMP+TKIP][RSN-PSK-CCMP+TKIP][WPA-PSK-CCMP+TKIP][ESS],70:0b:01:ec:5a:30,-84,7 days,
1,HOTBOX-5A68,[WPA2-PSK-CCMP+TKIP][RSN-PSK-CCMP+TKIP][WPA-PSK-CCMP+TKIP][ESS],c0:ac:54:f5:ab:2b,-88,7 days,
2,HOTBOX-69E6,[WPA2-PSK-CCMP+TKIP][RSN-PSK-CCMP+TKIP][WPA-PSK-CCMP+TKIP][ESS],7c:03:4c:ba:ef:ab,-89,7 days,
3,HOTBOX-FCDA,[WPA2-PSK-CCMP+TKIP][RSN-PSK-CCMP+TKIP][WPA-PSK-CCMP+TKIP][ESS],c0:ac:54:f8:06:f3,-91,7 days,
4,bemeshIKKF,[WPA2-PSK-CCMP][RSN-PSK-CCMP][ESS][WPS],00:b8:c2:54:79:0b,-95,7 days,
0,ASA - Tehcnion,[WPA2-PSK-CCMP+TKIP][RSN-PSK-CCMP+TKIP][WPA-PSK-CCMP+TKIP][ESS],30:b5:c2:2b:03:36,-62,7 days,
1,TechSec,[WPA2-EAP+FT/EAP-CCMP][RSN-EAP+FT/EAP-CCMP][ESS],b0:b8:67:ed:32:21,-70,7 days,
2,test,[WPA2-PSK-CCMP+TKIP][RSN-PSK-CCMP+TKIP][WPA-PSK-CCMP+TKIP][ESS],00:78:9e:fa:d9:57,-91,7 days,
0,TechPublic,[ESS],3c:8a:b0:f1:28:01,-74,7 days,
1,TechSec,[WPA2-EAP-CCMP][RSN-EAP-CCMP][ESS],3c:8a:b0:f1:28:03,-75,7 days,
2,eduroam,[WPA2-EAP-CCMP][RSN-EAP-CCMP][ESS],3c:8a:b0:f1:28:05,-75,7 days,
3,TechSec,[WPA2-EAP+FT/EAP-CCMP][RSN-EAP+FT/EAP-CCMP][ESS],b0:b8:67:ed:32:21,-81,7 days,
4,TechSec,[WPA2-EAP+FT/EAP-CCMP][RSN-EAP+FT/EAP-CCMP][ESS],b0:b8:67:ed:32:31,-85,7 days,
5,TechPublic,[ESS],54:e0:32:40:a6:01,-87,7 days,
6,eduroam,[WPA2-EAP-CCMP][RSN-EAP-CCMP][ESS],54:e0:32:40:a6:05,-87,7 days,
7,TechSec,[WPA2-EAP-CCMP][RSN-EAP-CCMP][ESS],54:e0:32:40:a6:03,-89,7 days,
8,HOTBOX-7BCC,[WPA2-PSK-CCMP+TKIP][RSN-PSK-CCMP+TKIP][WPA-PSK-CCMP+TKIP][ESS],00:78:9e:fb:2c:48,-92,7 days,
0,TechPublic,[ESS],3c:8a:b0:f1:28:01,-74,7 days,
1,TechSec,[WPA2-EAP-CCMP][RSN-EAP-CCMP][ESS],3c:8a:b0:f1:28:03,-75,7 days,
2,eduroam,[WPA2-EAP-CCMP][RSN-EAP-CCMP][ESS],3c:8a:b0:f1:28:05,-75,7 days,
3,TechPublic,[ESS],b0:b8:67:ed:32:20,-76,7 days,
4,TechSec,[WPA2-EAP+FT/EAP-CCMP][RSN-EAP+FT/EAP-CCMP][ESS],b0:b8:67:ed:32:21,-81,7 days,
5,TechSec,[WPA2-EAP+FT/EAP-CCMP][RSN-EAP+FT/EAP-CCMP][ESS],b0:b8:67:ed:32:31,-85,7 days,
6,TechPublic,[ESS],54:e0:32:40:a6:01,-87,7 days,
7,eduroam,[WPA2-EAP-CCMP][RSN-EAP-CCMP][ESS],54:e0:32:40:a6:05,-87,7 days,
8,gaza 108-3,[WPA2-PSK-CCMP+TKIP][RSN-PSK-CCMP+TKIP][WPA-PSK-CCMP+TKIP][ESS],b4:ee:b4:ac:9e:ab,-88,7 days,
9,TechSec,[WPA2-EAP-CCMP][RSN-EAP-CCMP][ESS],54:e0:32:40:a6:03,-89,7 days,
10,HOTBOX-7BCC,[WPA2-PSK-CCMP+TKIP][RSN-PSK-CCMP+TKIP][WPA-PSK-CCMP+TKIP][ESS],00:78:9e:fb:2c:48,-92,7 days,
0,TechPublic,[ESS],3c:8a:b0:f1:28:01,-74,7 days,
1,TechSec,[WPA2-EAP-CCMP][RSN-EAP-CCMP][ESS],3c:8a:b0:f1:28:03,-75,7 days,
2,eduroam,[WPA2-EAP-CCMP][RSN-EAP-CCMP][ESS],3c:8a:b0:f1:28:05,-75,7 days,
3,TechPublic,[ESS],b0:b8:67:ed:32:20,-76,7 days,
4,TechSec,[WPA2-EAP+FT/EAP-CCMP][RSN-EAP+FT/EAP-CCMP][ESS],b0:b8:67:ed:32:21,-81,7 days,
5,TechSec,[WPA2-EAP+FT/EAP-CCMP][RSN-EAP+FT/EAP-CCMP][ESS],b0:b8:67:ed:32:31,-85,7 days,
6,TechPublic,[ESS],54:e0:32:40:a6:01,-87,7 days,
7,eduroam,[WPA2-EAP-CCMP][RSN-EAP-CCMP][ESS],54:e0:32:40:a6:05,-87,7 days,
8,gaza 108-3,[WPA2-PSK-CCMP+TKIP][RSN-PSK-CCMP+TKIP][WPA-PSK-CCMP+TKIP][ESS],b4:ee:b4:ac:9e:ab,-88,7 days,
9,TechSec,[WPA2-EAP-CCMP][RSN-EAP-CCMP][ESS],54:e0:32:40:a6:03,-89,7 days,
10,HOTBOX-7BCC,[WPA2-PSK-CCMP+TKIP][RSN-PSK-CCMP+TKIP][WPA-PSK-CCMP+TKIP][ESS],00:78:9e:fb:2c:48,-92,7 days,
0,TechSec,[WPA2-EAP+FT/EAP-CCMP][RSN-EAP+FT/EAP-CCMP][ESS],b0:b8:67:ed:32:21,-67,7 days,
1,ASA - Tehcnion,[WPA2-PSK-CCMP+TKIP][RSN-PSK-CCMP+TKIP][WPA-PSK-CCMP+TKIP][ESS],30:b5:c2:2b:03:36,-68,7 days,
2,TechSec,[WPA2-EAP-CCMP][RSN-EAP-CCMP][ESS],3c:8a:b0:f1:28:02,-72,7 days,
3,TechPublic,[ESS],3c:8a:b0:f1:28:00,-80,7 days,
4,eduroam,[WPA2-EAP-CCMP][RSN-EAP-CCMP][ESS],3c:8a:b0:f1:28:04,-82,7 days,
5,108_9,[WPA2-PSK-CCMP+TKIP][RSN-PSK-CCMP+TKIP][WPA-PSK-CCMP+TKIP][ESS],c0:ac:54:f5:b0:e8,-90,7 days,
0,,[WPA2-PSK-CCMP+TKIP][RSN-PSK-CCMP+TKIP][WPA-PSK-CCMP+TKIP][ESS],ac:3b:77:54:c5:d5,-68,7 days,
0,NVA1821-1,[WPA2-PSK-CCMP+TKIP][RSN-PSK-CCMP+TKIP][WPA-PSK-CCMP+TKIP][ESS],c0:ac:54:f8:b4:a4,-49,7 days,
1,NVA1821-2,[WPA2-PSK-CCMP+TKIP][RSN-PSK-CCMP+TKIP][WPA-PSK-CCMP+TKIP][ESS],c0:ac:54:f8:c2:85,-67,7 days,
2,Kahalanosh,[WPA2-PSK-CCMP+TKIP][RSN-PSK-CCMP+TKIP][WPA-PSK-CCMP+TKIP][ESS],d4:7b:b0:79:b8:7b,-86,7 days,
0,,[WPA2-PSK-CCMP+TKIP][RSN-PSK-CCMP+TKIP][WPA-PSK-CCMP+TKIP][ESS],ac:3b:77:54:c5:d5,-62,7 days,
1,r16,[WPA2-PSK-CCMP+TKIP][RSN-PSK-CCMP+TKIP][WPA-PSK-CCMP+TKIP][ESS],00:78:9e:fa:b8:63,-96,7 days,
0,,[WPA2-PSK-CCMP+TKIP][RSN-PSK-CCMP+TKIP][WPA-PSK-CCMP+TKIP][ESS],ac:3b:77:54:c5:d5,-66,7 days,
1,HOTBOX-594E,[WPA2-PSK-CCMP+TKIP][RSN-PSK-CCMP+TKIP][WPA-PSK-CCMP+TKIP][ESS],c0:ac:54:f5:99:7a,-88,7 days,
0,NVA1821-2,[WPA2-PSK-CCMP+TKIP][RSN-PSK-CCMP+TKIP][WPA-PSK-CCMP+TKIP][ESS],c0:ac:54:f8:c2:85,-71,7 days,
1,NVA1821-1,[WPA2-PSK-CCMP+TKIP][RSN-PSK-CCMP+TKIP][WPA-PSK-CCMP+TKIP][ESS],c0:ac:54:f8:b4:a4,-79,7 days,
2,HOTBOX 4-D208,[WPA2-PSK-CCMP+TKIP][RSN-PSK-CCMP+TKIP][WPA-PSK-CCMP+TKIP][ESS],98:1e:19:7e:d2:0e,-86,7 days,
3,HOTBOX-7D64,[WPA2-PSK-CCMP+TKIP][RSN-PSK-CCMP+TKIP][WPA-PSK-CCMP+TKIP][ESS],7c:03:4c:ff:10:22,-91,7 days,
5,BATCAVE,[WPA2-PSK-CCMP+TKIP][RSN-PSK-CCMP+TKIP][WPA-PSK-CCMP+TKIP][ESS],c0:ac:54:f8:b3:02,-95,7 days,
6,HOTBOX-8030,[WPA2-PSK-CCMP+TKIP][RSN-PSK-CCMP+TKIP][WPA-PSK-CCMP+TKIP][ESS],c0:ac:54:f8:b8:84,-95,7 days,
7,18301B,[WPA2-PSK-CCMP+TKIP][RSN-PSK-CCMP+TKIP][WPA-PSK-CCMP+TKIP][ESS],c0:ac:54:f8:b9:a4,-96,7 days,
0,yuval,[WPA2-PSK-CCMP][RSN-PSK-CCMP][ESS],00:5f:67:41:cb:c5,-79,7 days,
1,DIRECT-a1-HP M130f LaserJet,[WPA2-PSK-CCMP][RSN-PSK-CCMP][ESS][WPS],12:5b:ad:01:07:a1,-86,7 days,
2,RNG ,[WPA2-PSK-CCMP+TKIP][RSN-PSK-CCMP+TKIP][WPA-PSK-CCMP+TKIP][ESS][WPS],74:ea:3a:f1:e8:84,-87,7 days,
3,Bspot046B_2.4,[WPA2-PSK-CCMP][RSN-PSK-CCMP][ESS],b0:d5:9d:d8:ed:22,-91,7 days,
4,ANAT,[WPA2-PSK-CCMP][RSN-PSK-CCMP][ESS][WPS],10:5a:f7:2a:d6:80,-92,7 days,
0,BeSpotBF47_2.4,[WPA2-PSK-CCMP][RSN-PSK-CCMP][ESS],b0:d5:9d:fa:94:c9,-76,7 days,
1,moshe4,[WPA2-PSK-CCMP+TKIP][RSN-PSK-CCMP+TKIP][WPA-PSK-CCMP+TKIP][ESS],ec:be:dd:e0:e2:1a,-78,7 days,
2,katabi2.4,[WPA2-PSK-CCMP+TKIP][RSN-PSK-CCMP+TKIP][WPA-PSK-CCMP+TKIP][ESS],a4:08:f5:20:13:9e,-78,7 days,
3,revivo4,[WPA2-PSK-CCMP+TKIP][RSN-PSK-CCMP+TKIP][WPA-PSK-CCMP+TKIP][ESS],3c:17:10:19:f2:54,-78,7 days,
4,Sharon,[WPA2-PSK-CCMP+TKIP][RSN-PSK-CCMP+TKIP][WPA-PSK-CCMP+TKIP][ESS][WPS],14:ae:db:56:14:ed,-78,7 days,
5,moshe4,[WPA2-PSK-CCMP+TKIP][RSN-PSK-CCMP+TKIP][WPA-PSK-CCMP+TKIP][ESS],2c:79:d7:ec:e8:32,-79,7 days,
6,katabi2.4,[WPA2-PSK-CCMP+TKIP][RSN-PSK-CCMP+TKIP][WPA-PSK-CCMP+TKIP][ESS],54:64:d9:60:17:1f,-81,7 days,
7,yuval,[WPA2-PSK-CCMP][RSN-PSK-CCMP][ESS],00:5f:67:41:cb:c5,-83,7 days,
8,Rotem,[WPA2-PSK-CCMP+TKIP][RSN-PSK-CCMP+TKIP][WPA-PSK-CCMP+TKIP][ESS],78:65:59:66:26:f6,-83,7 days,
9,DIRECT-C5-HP Smart Tank 610,[WPA2-PSK-CCMP][RSN-PSK-CCMP][ESS][WPS],b2:5c:da:c5:73:c5,-84,7 days,
10,DIRECT-a1-HP M130f LaserJet,[WPA2-PSK-CCMP][RSN-PSK-CCMP][ESS][WPS],12:5b:ad:01:07:a1,-85,7 days,
11,Segal1,[WPA2-PSK-CCMP][RSN-PSK-CCMP][ESS],10:be:f5:43:62:20,-85,7 days,
12,Rotem,[WPA2-PSK-CCMP+TKIP][RSN-PSK-CCMP+TKIP][WPA-PSK-CCMP+TKIP][ESS],b8:66:85:b4:11:0b,-87,7 days,
13,Fiber 4K,[WPA2-PSK-CCMP+TKIP][RSN-PSK-CCMP+TKIP][WPA-PSK-CCMP+TKIP][ESS],a0:39:ee:94:f0:be,-89,7 days,
14,,[WPA2-PSK-CCMP][RSN-PSK-CCMP][ESS],12:80:63:73:ab:9e,-91,7 days,
15,ANAT,[WPA2-PSK-CCMP][RSN-PSK-CCMP][ESS][WPS],10:5a:f7:2a:d6:80,-92,7 days,
16,Deco Tv,[WPA-PSK-CCMP+TKIP][WPA2-PSK-CCMP+TKIP][RSN-PSK-CCMP+TKIP][ESS],0c:80:63:73:ab:9e,-93,7 days,
17,Bspot046B_5.0,[WPA2-PSK-CCMP][RSN-PSK-CCMP][ESS],b0:d5:9d:d8:ed:23,-96,7 days,
18,Deco Tv,[WPA-PSK-CCMP+TKIP][WPA2-PSK-CCMP+TKIP][RSN-PSK-CCMP+TKIP][ESS],0c:80:63:73:93:06,-96,7 days,
0,BeSpotBF47_2.4,[WPA2-PSK-CCMP][RSN-PSK-CCMP][ESS],b0:d5:9d:fa:94:c9,-76,7 days,
1,moshe4,[WPA2-PSK-CCMP+TKIP][RSN-PSK-CCMP+TKIP][WPA-PSK-CCMP+TKIP][ESS],ec:be:dd:e0:e2:1a,-78,7 days,
2,katabi2.4,[WPA2-PSK-CCMP+TKIP][RSN-PSK-CCMP+TKIP][WPA-PSK-CCMP+TKIP][ESS],a4:08:f5:20:13:9e,-78,7 days,
3,revivo4,[WPA2-PSK-CCMP+TKIP][RSN-PSK-CCMP+TKIP][WPA-PSK-CCMP+TKIP][ESS],3c:17:10:19:f2:54,-78,7 days,
4,Sharon,[WPA2-PSK-CCMP+TKIP][RSN-PSK-CCMP+TKIP][WPA-PSK-CCMP+TKIP][ESS][WPS],14:ae:db:56:14:ed,-78,7 days,
5,moshe4,[WPA2-PSK-CCMP+TKIP][RSN-PSK-CCMP+TKIP][WPA-PSK-CCMP+TKIP][ESS],2c:79:d7:ec:e8:32,-79,7 days,
6,katabi2.4,[WPA2-PSK-CCMP+TKIP][RSN-PSK-CCMP+TKIP][WPA-PSK-CCMP+TKIP][ESS],54:64:d9:60:17:1f,-81,7 days,
7,yuval,[WPA2-PSK-CCMP][RSN-PSK-CCMP][ESS],00:5f:67:41:cb:c5,-83,7 days,
8,Rotem,[WPA2-PSK-CCMP+TKIP][RSN-PSK-CCMP+TKIP][WPA-PSK-CCMP+TKIP][ESS],78:65:59:66:26:f6,-83,7 days,
9,DIRECT-C5-HP Smart Tank 610,[WPA2-PSK-CCMP][RSN-PSK-CCMP][ESS][WPS],b2:5c:da:c5:73:c5,-84,7 days,
10,DIRECT-a1-HP M130f LaserJet,[WPA2-PSK-CCMP][RSN-PSK-CCMP][ESS][WPS],12:5b:ad:01:07:a1,-85,7 days,
11,Segal1,[WPA2-PSK-CCMP][RSN-PSK-CCMP][ESS],10:be:f5:43:62:20,-85,7 days,
12,Rotem,[WPA2-PSK-CCMP+TKIP][RSN-PSK-CCMP+TKIP][WPA-PSK-CCMP+TKIP][ESS],b8:66:85:b4:11:0b,-87,7 days,
13,Fiber 4K,[WPA2-PSK-CCMP+TKIP][RSN-PSK-CCMP+TKIP][WPA-PSK-CCMP+TKIP][ESS],a0:39:ee:94:f0:be,-89,7 days,
14,,[WPA2-PSK-CCMP][RSN-PSK-CCMP][ESS],12:80:63:73:ab:9e,-91,7 days,
15,ANAT,[WPA2-PSK-CCMP][RSN-PSK-CCMP][ESS][WPS],10:5a:f7:2a:d6:80,-92,7 days,
16,Deco Tv,[WPA-PSK-CCMP+TKIP][WPA2-PSK-CCMP+TKIP][RSN-PSK-CCMP+TKIP][ESS],0c:80:63:73:ab:9e,-93,7 days,
17,Bspot046B_5.0,[WPA2-PSK-CCMP][RSN-PSK-CCMP][ESS],b0:d5:9d:d8:ed:23,-96,7 days,
18,Deco Tv,[WPA-PSK-CCMP+TKIP][WPA2-PSK-CCMP+TKIP][RSN-PSK-CCMP+TKIP][ESS],0c:80:63:73:93:06,-96,7 days,
0,Xiaomi_CC17,[WPA-PSK-TKIP+CCMP][WPA2-PSK-TKIP+CCMP][RSN-PSK-TKIP+CCMP][ESS][WPS],f0:b4:29:f1:cc:18,-80,7 days,
1,haim,[WPA-PSK-CCMP+TKIP][WPA2-PSK-CCMP+TKIP][RSN-PSK-CCMP+TKIP][ESS],b0:4e:26:e2:22:ab,-82,7 days,
2,haim,[WPA-PSK-CCMP+TKIP][WPA2-PSK-CCMP+TKIP][RSN-PSK-CCMP+TKIP][ESS],b0:4e:26:e2:22:aa,-83,7 days,
3,HOTBOX,[WPA2-PSK-CCMP+TKIP][RSN-PSK-CCMP+TKIP][WPA-PSK-CCMP+TKIP][ESS],70:0b:01:ec:33:a2,-88,7 days,
4,HOTFiber-CD58,[WPA2-PSK-CCMP+TKIP][RSN-PSK-CCMP+TKIP][WPA-PSK-CCMP+TKIP][ESS],08:6a:0a:69:fe:0e,-88,7 days,
5,NIRIT,[WPA2-PSK-CCMP+TKIP][RSN-PSK-CCMP+TKIP][WPA-PSK-CCMP+TKIP][ESS],7c:b7:33:ea:a1:6f,-91,7 days,
6,haim,[WPA-PSK-CCMP+TKIP][WPA2-PSK-CCMP+TKIP][RSN-PSK-CCMP+TKIP][ESS],b0:4e:26:e2:2e:da,-94,7 days,
0,TP-LINK_AP_5B18,[WPA2-PSK-CCMP][RSN-PSK-CCMP][ESS][WPS],60:32:b1:99:5b:18,-80,7 days,
1,,[WPA2-PSK-CCMP][RSN-PSK-CCMP][ESS],b6:4e:26:e2:22:aa,-80,7 days,
2,haim,[WPA-PSK-CCMP+TKIP][WPA2-PSK-CCMP+TKIP][RSN-PSK-CCMP+TKIP][ESS],b0:4e:26:e2:22:aa,-81,7 days,
3,haim,[WPA-PSK-CCMP+TKIP][WPA2-PSK-CCMP+TKIP][RSN-PSK-CCMP+TKIP][ESS],b0:4e:26:e2:22:ab,-82,7 days,
4,dima,[WPA2-PSK-CCMP+TKIP][RSN-PSK-CCMP+TKIP][WPA-PSK-CCMP+TKIP][ESS],44:d4:53:f7:2e:f9,-86,7 days,
5,Hi-Smart-28ede03b2647,[ESS],28:ed:e0:3b:26:47,-87,7 days,
6,HOT IDO,[WPA2-PSK-CCMP][RSN-PSK-CCMP][ESS][WPS],0c:b9:37:85:8f:12,-87,7 days,
7,BeSpot780D_2.4,[WPA2-PSK-CCMP][RSN-PSK-CCMP][ESS],80:c5:48:1a:7d:8c,-89,7 days,
8,Sztern,[WPA2-PSK-CCMP][RSN-PSK-CCMP][ESS][WPS],00:b8:c2:9e:f6:b4,-90,7 days,
9,Danielnew,[WPA2-PSK+FT/PSK-CCMP][RSN-PSK+FT/PSK-CCMP][ESS][WPS],66:32:b1:35:32:4e,-90,7 days,
10,WIFIIS,[WPA-PSK-CCMP][WPA2-PSK-CCMP][RSN-PSK-CCMP][ESS][WPS],28:ee:52:9c:5a:32,-90,7 days,
11,DIRECT-20-Pantum M6600 Series,[WPA2-PSK-TKIP+CCMP][RSN-PSK-TKIP+CCMP][WPA-PSK-TKIP+CCMP][ESS],38:01:46:e6:cd:f5,-91,7 days,
12,net,[WPA2-PSK-CCMP][RSN-PSK-CCMP][ESS][WPS],34:49:5b:20:92:f5,-94,7 days,
13,Kostya,[WPA2-PSK-CCMP][RSN-PSK-CCMP][ESS][WPS],00:b8:c2:c4:a6:3f,-94,7 days,
14,,[WPA2-PSK-CCMP][RSN-PSK-CCMP][ESS],62:b8:c2:c4:a6:3c,-94,7 days,
15,Shmuel,[WPA2-PSK-CCMP+TKIP][RSN-PSK-CCMP+TKIP][WPA-PSK-CCMP+TKIP][ESS],98:1e:19:7c:ac:c6,-95,7 days,
0,NVA1821-1,[WPA2-PSK-CCMP+TKIP][RSN-PSK-CCMP+TKIP][WPA-PSK-CCMP+TKIP][ESS],c0:ac:54:f8:b4:a4,-47,7 days,
1,Kahalanosh,[WPA2-PSK-CCMP+TKIP][RSN-PSK-CCMP+TKIP][WPA-PSK-CCMP+TKIP][ESS],d4:7b:b0:79:b8:7b,-81,7 days,
2,hezi_family,[WPA2-PSK-CCMP+TKIP][RSN-PSK-CCMP+TKIP][WPA-PSK-CCMP+TKIP][ESS],c0:ac:54:f8:e9:19,-83,7 days,
3,pb12123,[WPA2-PSK-CCMP+TKIP][RSN-PSK-CCMP+TKIP][WPA-PSK-CCMP+TKIP][ESS],c0:ac:54:f8:d9:b3,-87,7 days,
4,Elad&Hadas,[WPA2-PSK-CCMP+TKIP][RSN-PSK-CCMP+TKIP][WPA-PSK-CCMP+TKIP][ESS],00:78:9e:fb:be:fc,-87,7 days,
5,Neve-America 1832,[WPA2-PSK-CCMP+TKIP][RSN-PSK-CCMP+TKIP][WPA-PSK-CCMP+TKIP][ESS],98:1e:19:7f:29:8e,-88,7 days,
6,HOTBOX-21,[WPA2-PSK-CCMP+TKIP][RSN-PSK-CCMP+TKIP][WPA-PSK-CCMP+TKIP][ESS],c0:ac:54:f8:51:2b,-91,7 days,
7,Avraham_ortal,[WPA2-PSK-CCMP+TKIP][RSN-PSK-CCMP+TKIP][WPA-PSK-CCMP+TKIP][ESS],d8:fb:5e:17:44:8d,-96,7 days,
0,NVA1821-1,[WPA2-PSK-CCMP+TKIP][RSN-PSK-CCMP+TKIP][WPA-PSK-CCMP+TKIP][ESS],c0:ac:54:f8:b4:a4,-46,7 days,
1,NVA1821-2,[WPA2-PSK-CCMP+TKIP][RSN-PSK-CCMP+TKIP][WPA-PSK-CCMP+TKIP][ESS],c0:ac:54:f8:c2:85,-79,7 days,
2,BATCAVE,[WPA2-PSK-CCMP+TKIP][RSN-PSK-CCMP+TKIP][WPA-PSK-CCMP+TKIP][ESS],c0:ac:54:f8:b3:02,-88,7 days,
3,Dungeon,[WPA2-PSK-CCMP+TKIP][RSN-PSK-CCMP+TKIP][WPA-PSK-CCMP+TKIP][ESS],c0:ac:54:f8:e1:2a,-91,7 days,
4,Avraham_ortal,[WPA2-PSK-CCMP+TKIP][RSN-PSK-CCMP+TKIP][WPA-PSK-CCMP+TKIP][ESS],d8:fb:5e:17:44:8d,-94,7 days,
5,HOTBOX 4-D208,[WPA2-PSK-CCMP+TKIP][RSN-PSK-CCMP+TKIP][WPA-PSK-CCMP+TKIP][ESS],98:1e:19:7e:d2:0e,-94,7 days,
0,NVA1821-1,[WPA2-PSK-CCMP+TKIP][RSN-PSK-CCMP+TKIP][WPA-PSK-CCMP+TKIP][ESS],c0:ac:54:f8:b4:a4,-54,7 days,
1,NVA1821-2,[WPA2-PSK-CCMP+TKIP][RSN-PSK-CCMP+TKIP][WPA-PSK-CCMP+TKIP][ESS],c0:ac:54:f8:c2:85,-73,7 days,
2,HOTBOX 4-D208,[WPA2-PSK-CCMP+TKIP][RSN-PSK-CCMP+TKIP][WPA-PSK-CCMP+TKIP][ESS],98:1e:19:7e:d2:0e,-81,7 days,
3,Kahalanosh,[WPA2-PSK-CCMP+TKIP][RSN-PSK-CCMP+TKIP][WPA-PSK-CCMP+TKIP][ESS],d4:7b:b0:79:b8:7b,-82,7 days,
4,hezi_family,[WPA2-PSK-CCMP+TKIP][RSN-PSK-CCMP+TKIP][WPA-PSK-CCMP+TKIP][ESS],c0:ac:54:f8:e9:19,-88,7 days,
5,HOTBOX-21,[WPA2-PSK-CCMP+TKIP][RSN-PSK-CCMP+TKIP][WPA-PSK-CCMP+TKIP][ESS],c0:ac:54:f8:51:2b,-91,7 days,
6,Dungeon,[WPA2-PSK-CCMP+TKIP][RSN-PSK-CCMP+TKIP][WPA-PSK-CCMP+TKIP][ESS],c0:ac:54:f8:e1:2a,-94,7 days,
0,TechPublic,[ESS],b0:b8:67:24:55:e0,-74,8 days,
1,eduroam,[WPA2-EAP-CCMP][RSN-EAP-CCMP][ESS],88:e0:f3:20:2c:04,-75,8 days,
2,TechSec,[WPA2-EAP+FT/EAP-CCMP][RSN-EAP+FT/EAP-CCMP][ESS],b0:b8:67:24:55:e1,-75,8 days,
3,TechSec,[WPA2-EAP-CCMP][RSN-EAP-CCMP][ESS],88:e0:f3:20:2c:02,-77,8 days,
4,TechPublic,[ESS],88:e0:f3:20:2c:00,-78,8 days,
5,TechPublic,[ESS],40:b4:f0:9e:de:c0,-89,8 days,
6,TechSec,[WPA2-EAP-CCMP][RSN-EAP-CCMP][ESS],40:b4:f0:9e:de:c2,-89,8 days,
7,eduroam,[WPA2-EAP-CCMP][RSN-EAP-CCMP][ESS],40:b4:f0:9e:de:c4,-92,8 days,
8,eduroam,[WPA2-EAP+FT/EAP-CCMP][RSN-EAP+FT/EAP-CCMP][ESS],b0:b8:67:21:f2:e2,-95,8 days,
0,eduroam,[WPA2-EAP-CCMP][RSN-EAP-CCMP][ESS],88:e0:f3:20:2c:04,-67,8 days,
1,TechPublic,[ESS],88:e0:f3:20:2c:00,-70,8 days,
2,TechSec,[WPA2-EAP-CCMP][RSN-EAP-CCMP][ESS],88:e0:f3:20:2c:02,-72,8 days,
3,eduroam,[WPA2-EAP+FT/EAP-CCMP][RSN-EAP+FT/EAP-CCMP][ESS],b0:b8:67:24:55:e2,-74,8 days,
4,TechPublic,[ESS],b0:b8:67:24:55:e0,-79,8 days,
5,TechSec,[WPA2-EAP+FT/EAP-CCMP][RSN-EAP+FT/EAP-CCMP][ESS],b0:b8:67:24:55:e1,-80,8 days,
6,DIRECT-CB-HP OfficeJet Pro 9020,[WPA2-PSK-CCMP][RSN-PSK-CCMP][ESS][WPS],c6:65:16:cc:c7:cb,-89,8 days,
7,DIRECT-D5-HP OfficeJet Pro 7740,[WPA2-PSK-CCMP][RSN-PSK-CCMP][ESS][WPS],b2:5c:da:b7:22:d5,-91,8 days,
0,TechPublic,[ESS],88:e0:f3:20:2c:00,-70,8 days,
1,TechSec,[WPA2-EAP-CCMP][RSN-EAP-CCMP][ESS],88:e0:f3:20:2c:02,-72,8 days,
2,TechPublic,[ESS],b0:b8:67:24:55:f0,-72,8 days,
3,TechSec,[WPA2-EAP+FT/EAP-CCMP][RSN-EAP+FT/EAP-CCMP][ESS],b0:b8:67:24:55:f1,-72,8 days,
4,eduroam,[WPA2-EAP+FT/EAP-CCMP][RSN-EAP+FT/EAP-CCMP][ESS],b0:b8:67:24:55:f2,-72,8 days,
5,eduroam,[WPA2-EAP-CCMP][RSN-EAP-CCMP][ESS],88:e0:f3:20:2c:04,-73,8 days,
6,TechPublic,[ESS],b0:b8:67:24:55:e0,-79,8 days,
7,TechSec,[WPA2-EAP+FT/EAP-CCMP][RSN-EAP+FT/EAP-CCMP][ESS],b0:b8:67:24:55:e1,-80,8 days,
8,eduroam,[WPA2-EAP+FT/EAP-CCMP][RSN-EAP+FT/EAP-CCMP][ESS],b0:b8:67:24:55:e2,-81,8 days,
9,DIRECT-57-HP OfficeJet Pro 6970,[WPA2-PSK-CCMP][RSN-PSK-CCMP][ESS][WPS],10:e7:c6:c5:7a:5a,-82,8 days,
10,eduroam,[WPA2-EAP+FT/EAP-CCMP][RSN-EAP+FT/EAP-CCMP][ESS],b0:b8:67:21:f2:f2,-86,8 days,
11,Kolchak,[WPA2-PSK-CCMP][RSN-PSK-CCMP][ESS][WPS],34:49:5b:0f:69:75,-89,8 days,
12,DIRECT-D5-HP OfficeJet Pro 7740,[WPA2-PSK-CCMP][RSN-PSK-CCMP][ESS][WPS],b2:5c:da:b7:22:d5,-91,8 days,
13,eduroam,[WPA2-EAP+FT/EAP-CCMP][RSN-EAP+FT/EAP-CCMP][ESS],b0:b8:67:22:be:12,-92,8 days,
14,DIRECT-CB-HP OfficeJet Pro 9020,[WPA2-PSK-CCMP][RSN-PSK-CCMP][ESS][WPS],c6:65:16:cc:c7:cb,-93,8 days,
15,eduroam,[WPA2-EAP+FT/EAP-CCMP][RSN-EAP+FT/EAP-CCMP][ESS],b0:b8:67:24:03:12,-94,8 days,
0,TechPublic,[ESS],88:e0:f3:20:2c:00,-70,8 days,
1,TechSec,[WPA2-EAP-CCMP][RSN-EAP-CCMP][ESS],88:e0:f3:20:2c:02,-72,8 days,
2,TechPublic,[ESS],b0:b8:67:24:55:f0,-72,8 days,
3,TechSec,[WPA2-EAP+FT/EAP-CCMP][RSN-EAP+FT/EAP-CCMP][ESS],b0:b8:67:24:55:f1,-72,8 days,
4,eduroam,[WPA2-EAP+FT/EAP-CCMP][RSN-EAP+FT/EAP-CCMP][ESS],b0:b8:67:24:55:f2,-72,8 days,
5,eduroam,[WPA2-EAP-CCMP][RSN-EAP-CCMP][ESS],88:e0:f3:20:2c:04,-73,8 days,
6,TechPublic,[ESS],b0:b8:67:24:55:e0,-79,8 days,
7,TechSec,[WPA2-EAP+FT/EAP-CCMP][RSN-EAP+FT/EAP-CCMP][ESS],b0:b8:67:24:55:e1,-80,8 days,
8,eduroam,[WPA2-EAP+FT/EAP-CCMP][RSN-EAP+FT/EAP-CCMP][ESS],b0:b8:67:24:55:e2,-81,8 days,
9,DIRECT-57-HP OfficeJet Pro 6970,[WPA2-PSK-CCMP][RSN-PSK-CCMP][ESS][WPS],10:e7:c6:c5:7a:5a,-82,8 days,
10,eduroam,[WPA2-EAP+FT/EAP-CCMP][RSN-EAP+FT/EAP-CCMP][ESS],b0:b8:67:21:f2:f2,-86,8 days,
11,Kolchak,[WPA2-PSK-CCMP][RSN-PSK-CCMP][ESS][WPS],34:49:5b:0f:69:75,-89,8 days,
12,DIRECT-D5-HP OfficeJet Pro 7740,[WPA2-PSK-CCMP][RSN-PSK-CCMP][ESS][WPS],b2:5c:da:b7:22:d5,-91,8 days,
13,eduroam,[WPA2-EAP+FT/EAP-CCMP][RSN-EAP+FT/EAP-CCMP][ESS],b0:b8:67:22:be:12,-92,8 days,
14,DIRECT-CB-HP OfficeJet Pro 9020,[WPA2-PSK-CCMP][RSN-PSK-CCMP][ESS][WPS],c6:65:16:cc:c7:cb,-93,8 days,
15,eduroam,[WPA2-EAP+FT/EAP-CCMP][RSN-EAP+FT/EAP-CCMP][ESS],b0:b8:67:24:03:12,-94,8 days,
0,eduroam,[WPA2-EAP+FT/EAP-CCMP][RSN-EAP+FT/EAP-CCMP][ESS],b0:b8:67:21:94:22,-76,8 days,
1,eduroam,[WPA2-EAP-CCMP][RSN-EAP-CCMP][ESS],88:e0:f3:20:26:84,-78,8 days,
2,TechSec,[WPA2-EAP+FT/EAP-CCMP][RSN-EAP+FT/EAP-CCMP][ESS],b0:b8:67:23:e6:21,-79,8 days,
3,DIRECT-D5-HP OfficeJet Pro 7740,[WPA2-PSK-CCMP][RSN-PSK-CCMP][ESS][WPS],b2:5c:da:b7:22:d5,-80,8 days,
4,TechSec,[WPA2-EAP+FT/EAP-CCMP][RSN-EAP+FT/EAP-CCMP][ESS],b0:b8:67:21:94:21,-80,8 days,
5,TechSec,[WPA2-EAP-CCMP][RSN-EAP-CCMP][ESS],88:e0:f3:20:26:82,-82,8 days,
6,NIPPON_6471,[WPA-PSK-CCMP][ESS][WPS],08:97:58:34:3c:58,-84,8 days,
7,TechSec,[WPA2-EAP+FT/EAP-CCMP][RSN-EAP+FT/EAP-CCMP][ESS],b0:b8:67:21:94:31,-85,8 days,
8,TechPublic,[ESS],b0:b8:67:21:94:30,-86,8 days,
9,eduroam,[WPA2-EAP+FT/EAP-CCMP][RSN-EAP+FT/EAP-CCMP][ESS],b0:b8:67:02:f7:62,-88,8 days,
10,DIRECT-17-HP OfficeJet Pro 7740,[WPA2-PSK-CCMP][RSN-PSK-CCMP][ESS][WPS],b2:5c:da:b3:72:17,-89,8 days,
11,eduroam,[WPA2-EAP+FT/EAP-CCMP][RSN-EAP+FT/EAP-CCMP][ESS],b0:b8:67:21:94:32,-90,8 days,
12,eduroam,[WPA2-EAP+FT/EAP-CCMP][RSN-EAP+FT/EAP-CCMP][ESS],b0:b8:67:23:e6:32,-91,8 days,
13,eduroam,[WPA2-EAP-CCMP][RSN-EAP-CCMP][ESS],88:e0:f3:20:2c:04,-92,8 days,
0,TechSec,[WPA2-EAP+FT/EAP-CCMP][RSN-EAP+FT/EAP-CCMP][ESS],48:4a:e9:29:45:a1,-82,8 days,
1,ELRSSIDBA6327,[WPA2-PSK-CCMP+TKIP][RSN-PSK-CCMP+TKIP][WPA-PSK-CCMP+TKIP][ESS],d8:a9:8b:ba:63:27,-85,8 days,
2,DIRECT-B9-HP OfficeJet Pro 8710,[WPA2-PSK-CCMP][RSN-PSK-CCMP][ESS][WPS],c8:d3:ff:84:1b:ba,-86,8 days,
3,DIRECT-17-HP OfficeJet Pro 7740,[WPA2-PSK-CCMP][RSN-PSK-CCMP][ESS][WPS],b2:5c:da:b3:72:17,-86,8 days,
4,TechPublic,[ESS],48:4a:e9:29:45:a0,-87,8 days,
5,TechSec,[WPA2-EAP-CCMP][RSN-EAP-CCMP][ESS],3c:8a:b0:f3:97:83,-89,8 days,
6,TechPublic,[ESS],3c:8a:b0:f3:97:81,-89,8 days,
7,eduroam,[WPA2-EAP-CCMP][RSN-EAP-CCMP][ESS],88:e0:f3:20:26:84,-90,8 days,
8,eduroam,[WPA2-EAP-CCMP][RSN-EAP-CCMP][ESS],3c:8a:b0:f3:97:85,-91,8 days,
9,eduroam,[WPA2-EAP+FT/EAP-CCMP][RSN-EAP+FT/EAP-CCMP][ESS],b0:b8:67:23:e6:22,-93,8 days,
10,ELRSSIDBAE56F,[WPA2-PSK-CCMP+TKIP][RSN-PSK-CCMP+TKIP][WPA-PSK-CCMP+TKIP][ESS],d8:a9:8b:ba:e5:6f,-93,8 days,
11,ELRSSIDCA8B85,[WPA2-PSK-CCMP+TKIP][RSN-PSK-CCMP+TKIP][WPA-PSK-CCMP+TKIP][ESS],d8:a9:8b:ca:8b:85,-94,8 days,
12,eduroam,[WPA2-EAP+FT/EAP-CCMP][RSN-EAP+FT/EAP-CCMP][ESS],48:4a:e9:29:45:b2,-94,8 days,
13,eduroam,[WPA2-EAP+FT/EAP-CCMP][RSN-EAP+FT/EAP-CCMP][ESS],48:4a:e9:6b:d1:22,-94,8 days,
14,eduroam,[WPA2-EAP+FT/EAP-CCMP][RSN-EAP+FT/EAP-CCMP][ESS],c8:b5:ad:04:da:52,-95,8 days,
15,ELRSSID7182B6,[WPA2-PSK-CCMP+TKIP][RSN-PSK-CCMP+TKIP][WPA-PSK-CCMP+TKIP][ESS],d8:a9:8b:71:82:b6,-96,8 days,
16,ELRSSIDC42DCE,[WPA2-PSK-CCMP+TKIP][RSN-PSK-CCMP+TKIP][WPA-PSK-CCMP+TKIP][ESS],d8:a9:8b:c4:2d:ce,-96,8 days,
17,ELRSSIDBAA531,[WPA2-PSK-CCMP+TKIP][RSN-PSK-CCMP+TKIP][WPA-PSK-CCMP+TKIP][ESS],d8:a9:8b:ba:a5:31,-96,8 days,
0,TechSec,[WPA2-EAP+FT/EAP-CCMP][RSN-EAP+FT/EAP-CCMP][ESS],48:4a:e9:29:45:a1,-82,8 days,
1,ELRSSIDBA6327,[WPA2-PSK-CCMP+TKIP][RSN-PSK-CCMP+TKIP][WPA-PSK-CCMP+TKIP][ESS],d8:a9:8b:ba:63:27,-85,8 days,
2,DIRECT-B9-HP OfficeJet Pro 8710,[WPA2-PSK-CCMP][RSN-PSK-CCMP][ESS][WPS],c8:d3:ff:84:1b:ba,-86,8 days,
3,DIRECT-17-HP OfficeJet Pro 7740,[WPA2-PSK-CCMP][RSN-PSK-CCMP][ESS][WPS],b2:5c:da:b3:72:17,-86,8 days,
4,TechPublic,[ESS],48:4a:e9:29:45:a0,-87,8 days,
5,TechSec,[WPA2-EAP-CCMP][RSN-EAP-CCMP][ESS],3c:8a:b0:f3:97:83,-89,8 days,
6,TechPublic,[ESS],3c:8a:b0:f3:97:81,-89,8 days,
7,eduroam,[WPA2-EAP-CCMP][RSN-EAP-CCMP][ESS],88:e0:f3:20:26:84,-90,8 days,
8,eduroam,[WPA2-EAP-CCMP][RSN-EAP-CCMP][ESS],3c:8a:b0:f3:97:85,-91,8 days,
9,eduroam,[WPA2-EAP+FT/EAP-CCMP][RSN-EAP+FT/EAP-CCMP][ESS],b0:b8:67:23:e6:22,-93,8 days,
10,ELRSSIDBAE56F,[WPA2-PSK-CCMP+TKIP][RSN-PSK-CCMP+TKIP][WPA-PSK-CCMP+TKIP][ESS],d8:a9:8b:ba:e5:6f,-93,8 days,
11,ELRSSIDCA8B85,[WPA2-PSK-CCMP+TKIP][RSN-PSK-CCMP+TKIP][WPA-PSK-CCMP+TKIP][ESS],d8:a9:8b:ca:8b:85,-94,8 days,
12,eduroam,[WPA2-EAP+FT/EAP-CCMP][RSN-EAP+FT/EAP-CCMP][ESS],48:4a:e9:29:45:b2,-94,8 days,
13,eduroam,[WPA2-EAP+FT/EAP-CCMP][RSN-EAP+FT/EAP-CCMP][ESS],48:4a:e9:6b:d1:22,-94,8 days,
14,eduroam,[WPA2-EAP+FT/EAP-CCMP][RSN-EAP+FT/EAP-CCMP][ESS],c8:b5:ad:04:da:52,-95,8 days,
15,ELRSSID7182B6,[WPA2-PSK-CCMP+TKIP][RSN-PSK-CCMP+TKIP][WPA-PSK-CCMP+TKIP][ESS],d8:a9:8b:71:82:b6,-96,8 days,
16,ELRSSIDC42DCE,[WPA2-PSK-CCMP+TKIP][RSN-PSK-CCMP+TKIP][WPA-PSK-CCMP+TKIP][ESS],d8:a9:8b:c4:2d:ce,-96,8 days,
17,ELRSSIDBAA531,[WPA2-PSK-CCMP+TKIP][RSN-PSK-CCMP+TKIP][WPA-PSK-CCMP+TKIP][ESS],d8:a9:8b:ba:a5:31,-96,8 days,
0,ELRSSIDB554E8,[WPA2-PSK-CCMP+TKIP][RSN-PSK-CCMP+TKIP][WPA-PSK-CCMP+TKIP][ESS],d8:a9:8b:b5:54:e8,-84,8 days,
1,ELRSSIDBAE56F,[WPA2-PSK-CCMP+TKIP][RSN-PSK-CCMP+TKIP][WPA-PSK-CCMP+TKIP][ESS],d8:a9:8b:ba:e5:6f,-84,8 days,
2,TechSec,[WPA2-EAP-CCMP][RSN-EAP-CCMP][ESS],3c:8a:b0:f3:97:83,-87,8 days,
3,eduroam,[WPA2-EAP-CCMP][RSN-EAP-CCMP][ESS],3c:8a:b0:f3:97:85,-87,8 days,
4,TechPublic,[ESS],3c:8a:b0:f3:97:81,-87,8 days,
5,eduroam,[WPA2-EAP-CCMP][RSN-EAP-CCMP][ESS],88:e0:f3:20:26:84,-89,8 days,
6,TechSec,[WPA2-EAP-CCMP][RSN-EAP-CCMP][ESS],88:e0:f3:20:26:82,-90,8 days,
7,TechPublic,[ESS],88:e0:f3:20:26:80,-90,8 days,
8,eduroam,[WPA2-EAP+FT/EAP-CCMP][RSN-EAP+FT/EAP-CCMP][ESS],48:4a:e9:29:45:a2,-91,8 days,
9,TechSec,[WPA2-EAP-CCMP][RSN-EAP-CCMP][ESS],3c:8a:b0:f3:8f:c3,-94,8 days,
10,ELRSSIDC43E3D,[WPA2-PSK-CCMP+TKIP][RSN-PSK-CCMP+TKIP][WPA-PSK-CCMP+TKIP][ESS],d8:a9:8b:c4:3e:3d,-95,8 days,
11,TechPublic,[ESS],3c:8a:b0:f3:8f:c1,-96,8 days,
12,HP0783C3,[IBSS],02:2a:3a:5f:4c:59,-97,8 days,
0,ELRSSIDB554E8,[WPA2-PSK-CCMP+TKIP][RSN-PSK-CCMP+TKIP][WPA-PSK-CCMP+TKIP][ESS],d8:a9:8b:b5:54:e8,-84,8 days,
1,ELRSSIDBAE56F,[WPA2-PSK-CCMP+TKIP][RSN-PSK-CCMP+TKIP][WPA-PSK-CCMP+TKIP][ESS],d8:a9:8b:ba:e5:6f,-84,8 days,
2,TechSec,[WPA2-EAP-CCMP][RSN-EAP-CCMP][ESS],3c:8a:b0:f3:97:83,-87,8 days,
3,eduroam,[WPA2-EAP-CCMP][RSN-EAP-CCMP][ESS],3c:8a:b0:f3:97:85,-87,8 days,
4,TechPublic,[ESS],3c:8a:b0:f3:97:81,-87,8 days,
5,eduroam,[WPA2-EAP-CCMP][RSN-EAP-CCMP][ESS],88:e0:f3:20:26:84,-89,8 days,
6,TechSec,[WPA2-EAP-CCMP][RSN-EAP-CCMP][ESS],88:e0:f3:20:26:82,-90,8 days,
7,TechPublic,[ESS],88:e0:f3:20:26:80,-90,8 days,
8,eduroam,[WPA2-EAP+FT/EAP-CCMP][RSN-EAP+FT/EAP-CCMP][ESS],48:4a:e9:29:45:a2,-91,8 days,
9,TechSec,[WPA2-EAP-CCMP][RSN-EAP-CCMP][ESS],3c:8a:b0:f3:8f:c3,-94,8 days,
10,ELRSSIDC43E3D,[WPA2-PSK-CCMP+TKIP][RSN-PSK-CCMP+TKIP][WPA-PSK-CCMP+TKIP][ESS],d8:a9:8b:c4:3e:3d,-95,8 days,
11,TechPublic,[ESS],3c:8a:b0:f3:8f:c1,-96,8 days,
12,HP0783C3,[IBSS],02:2a:3a:5f:4c:59,-97,8 days,
0,Shiran&Gal_EXT,[WPA-PSK-CCMP][WPA2-PSK-CCMP][RSN-PSK-CCMP][ESS],d8:32:14:b2:bc:b1,-79,8 days,
1,BeSpot14D1_2.4,[WPA2-PSK-CCMP][RSN-PSK-CCMP][ESS],80:c5:48:31:56:4a,-82,8 days,
2,Sharon,[WPA2-PSK-CCMP+TKIP][RSN-PSK-CCMP+TKIP][WPA-PSK-CCMP+TKIP][ESS][WPS],14:ae:db:56:14:ed,-97,8 days,
3,Fiber 4K,[WPA2-PSK-CCMP+TKIP][RSN-PSK-CCMP+TKIP][WPA-PSK-CCMP+TKIP][ESS],a0:39:ee:94:f0:be,-97,8 days,
0,NVA1821-1,[WPA2-PSK-CCMP+TKIP][RSN-PSK-CCMP+TKIP][WPA-PSK-CCMP+TKIP][ESS],c0:ac:54:f8:b4:a4,-43,7 days,
1,NVA1821-2,[WPA2-PSK-CCMP+TKIP][RSN-PSK-CCMP+TKIP][WPA-PSK-CCMP+TKIP][ESS],c0:ac:54:f8:c2:85,-66,7 days,
0,Ferber-Network,[WPA2-PSK-CCMP][RSN-PSK-CCMP][ESS],08:b4:b1:2d:7f:02,-97,8 days,
0,BeSpot14D1_2.4,[WPA2-PSK-CCMP][RSN-PSK-CCMP][ESS],80:c5:48:31:56:4a,-82,8 days,
0,BeSpot14D1_2.4,[WPA2-PSK-CCMP][RSN-PSK-CCMP][ESS],80:c5:48:31:56:4a,-82,8 days,
0,Shiran&Gal_EXT,[WPA-PSK-CCMP][WPA2-PSK-CCMP][RSN-PSK-CCMP][ESS],d8:32:14:b2:bc:b1,-82,8 days,
1,BeSpot14D1_2.4,[WPA2-PSK-CCMP][RSN-PSK-CCMP][ESS],80:c5:48:31:56:4a,-85,8 days,
2,DIRECT-a1-HP M130f LaserJet,[WPA2-PSK-CCMP][RSN-PSK-CCMP][ESS][WPS],12:5b:ad:01:07:a1,-95,8 days,
0,Shiran&Gal_EXT,[WPA-PSK-CCMP][WPA2-PSK-CCMP][RSN-PSK-CCMP][ESS],d8:32:14:b2:bc:b1,-80,8 days,
1,BeSpot14D1_2.4,[WPA2-PSK-CCMP][RSN-PSK-CCMP][ESS],80:c5:48:31:56:4a,-86,8 days,
2,BeSpot14D1_5.0,[WPA2-PSK-CCMP][RSN-PSK-CCMP][ESS],80:c5:48:31:56:4b,-90,8 days,
3,BeSpotBF47_2.4,[WPA2-PSK-CCMP][RSN-PSK-CCMP][ESS],b0:d5:9d:fa:94:c9,-96,8 days,
0,Shiran&Gal_EXT,[WPA-PSK-CCMP][WPA2-PSK-CCMP][RSN-PSK-CCMP][ESS],d8:32:14:b2:bc:b1,-80,8 days,
1,BeSpot14D1_2.4,[WPA2-PSK-CCMP][RSN-PSK-CCMP][ESS],80:c5:48:31:56:4a,-86,8 days,
2,BeSpot14D1_5.0,[WPA2-PSK-CCMP][RSN-PSK-CCMP][ESS],80:c5:48:31:56:4b,-90,8 days,
3,BeSpotBF47_2.4,[WPA2-PSK-CCMP][RSN-PSK-CCMP][ESS],b0:d5:9d:fa:94:c9,-96,8 days,
0,Shiran&Gal_EXT,[WPA-PSK-CCMP][WPA2-PSK-CCMP][RSN-PSK-CCMP][ESS],d8:32:14:b2:bc:b1,-80,8 days,
1,BeSpot14D1_2.4,[WPA2-PSK-CCMP][RSN-PSK-CCMP][ESS],80:c5:48:31:56:4a,-86,8 days,
2,BeSpot14D1_5.0,[WPA2-PSK-CCMP][RSN-PSK-CCMP][ESS],80:c5:48:31:56:4b,-90,8 days,
3,BeSpotBF47_2.4,[WPA2-PSK-CCMP][RSN-PSK-CCMP][ESS],b0:d5:9d:fa:94:c9,-96,8 days,
0,Shiran&Gal_EXT,[WPA-PSK-CCMP][WPA2-PSK-CCMP][RSN-PSK-CCMP][ESS],d8:32:14:b2:bc:b1,-80,8 days,
1,BeSpot14D1_2.4,[WPA2-PSK-CCMP][RSN-PSK-CCMP][ESS],80:c5:48:31:56:4a,-86,8 days,
2,BeSpot14D1_5.0,[WPA2-PSK-CCMP][RSN-PSK-CCMP][ESS],80:c5:48:31:56:4b,-90,8 days,
3,BeSpotBF47_2.4,[WPA2-PSK-CCMP][RSN-PSK-CCMP][ESS],b0:d5:9d:fa:94:c9,-96,8 days,
0,Eliasfamily,[WPA2-PSK-CCMP][RSN-PSK-CCMP][ESS][WPS],58:fc:20:1c:a5:11,-42,10 days,
1,Eliasfamily,[WPA2-PSK-CCMP][RSN-PSK-CCMP][ESS][WPS],62:57:3e:31:e6:e0,-89,10 days,
2,,[WPA2-PSK-CCMP][RSN-PSK-CCMP][ESS],62:57:3e:31:e6:e1,-89,10 days,
0,Eliasfamily,[WPA2-PSK-CCMP][RSN-PSK-CCMP][ESS][WPS],58:fc:20:1c:a5:10,-33,10 days,
1,Eliasfamily,[WPA2-PSK-CCMP][RSN-PSK-CCMP][ESS][WPS],58:fc:20:1c:a5:11,-43,10 days,
2,Eliasfamily,[WPA2-PSK-CCMP][RSN-PSK-CCMP][ESS][WPS],1c:57:3e:31:e6:e3,-80,10 days,
3,,[WPA2-PSK-CCMP][RSN-PSK-CCMP][ESS],62:57:3e:31:e6:e1,-84,10 days,
4,Eliasfamily,[WPA2-PSK-CCMP][RSN-PSK-CCMP][ESS][WPS],62:57:3e:31:e6:e0,-85,10 days,
0,Looking for Networks..,[WPA2-PSK-CCMP+TKIP][RSN-PSK-CCMP+TKIP][WPA-PSK-CCMP+TKIP][ESS],c0:ac:54:f8:b3:e7,-74,7 days,
1,HOTBOX 4-6610,[WPA2-PSK-CCMP+TKIP][RSN-PSK-CCMP+TKIP][WPA-PSK-CCMP+TKIP][ESS],44:d4:54:9a:66:16,-76,7 days,
2,HOTBOX 4-6610-5GHz,[WPA2-PSK-CCMP+TKIP][RSN-PSK-CCMP+TKIP][WPA-PSK-CCMP+TKIP][ESS],44:d4:54:9a:66:17,-77,7 days,
3,HOTBOX-7F88,[WPA2-PSK-CCMP+TKIP][RSN-PSK-CCMP+TKIP][WPA-PSK-CCMP+TKIP][ESS],c0:ac:54:f8:c1:ce,-78,7 days,
4,HOTBOX 4-FB20,[WPA2-PSK-CCMP+TKIP][RSN-PSK-CCMP+TKIP][WPA-PSK-CCMP+TKIP][ESS],6c:ba:b8:f3:fb:26,-78,7 days,
5,HOTBOX-7F0A,[WPA2-PSK-CCMP+TKIP][RSN-PSK-CCMP+TKIP][WPA-PSK-CCMP+TKIP][ESS],c0:ac:54:f8:bb:fc,-79,7 days,
6,HOTBOX-45C8,[WPA2-PSK-CCMP+TKIP][RSN-PSK-CCMP+TKIP][WPA-PSK-CCMP+TKIP][ESS],c0:ac:54:f8:60:c7,-79,7 days,
7,12202,[WPA2-PSK-CCMP+TKIP][RSN-PSK-CCMP+TKIP][WPA-PSK-CCMP+TKIP][ESS],00:78:9e:fa:10:71,-81,7 days,
8,HOTBOX 4-FB20-5GHz,[WPA2-PSK-CCMP+TKIP][RSN-PSK-CCMP+TKIP][WPA-PSK-CCMP+TKIP][ESS],6c:ba:b8:f3:fb:27,-81,7 days,
9,HOTBOX-C81A,[WPA2-PSK-CCMP+TKIP][RSN-PSK-CCMP+TKIP][WPA-PSK-CCMP+TKIP][ESS],7c:03:4c:ff:61:c2,-82,7 days,
10,HOTBOX-61B2,[WPA2-PSK-CCMP+TKIP][RSN-PSK-CCMP+TKIP][WPA-PSK-CCMP+TKIP][ESS],c0:ac:54:f8:b1:ec,-83,7 days,
11,Neve-America 1832,[WPA2-PSK-CCMP+TKIP][RSN-PSK-CCMP+TKIP][WPA-PSK-CCMP+TKIP][ESS],98:1e:19:7f:29:8e,-86,7 days,
12,hezi_family,[WPA2-PSK-CCMP+TKIP][RSN-PSK-CCMP+TKIP][WPA-PSK-CCMP+TKIP][ESS],c0:ac:54:f8:e9:19,-87,7 days,
13,HOTBOX-81CA,[WPA2-PSK-CCMP+TKIP][RSN-PSK-CCMP+TKIP][WPA-PSK-CCMP+TKIP][ESS],c0:ac:54:f9:07:b8,-91,7 days,
14,poppywifi,[WPA2-PSK-CCMP+TKIP][RSN-PSK-CCMP+TKIP][WPA-PSK-CCMP+TKIP][ESS],c0:ac:54:f8:51:49,-92,7 days,
15,TP-Link_12124_5G,[WPA-PSK-CCMP][WPA2-PSK-CCMP][RSN-PSK-CCMP][ESS][WPS],28:ee:52:9c:57:46,-95,7 days,
0,Eliasfamily,[WPA2-PSK-CCMP][RSN-PSK-CCMP][ESS][WPS],58:fc:20:1c:a5:10,-33,10 days,
1,Eliasfamily,[WPA2-PSK-CCMP][RSN-PSK-CCMP][ESS][WPS],58:fc:20:1c:a5:11,-43,10 days,
2,Eliasfamily,[WPA2-PSK-CCMP][RSN-PSK-CCMP][ESS][WPS],1c:57:3e:31:e6:e3,-80,10 days,
3,,[WPA2-PSK-CCMP][RSN-PSK-CCMP][ESS],62:57:3e:31:e6:e1,-84,10 days,
4,Eliasfamily,[WPA2-PSK-CCMP][RSN-PSK-CCMP][ESS][WPS],62:57:3e:31:e6:e0,-85,10 days,
0,Eliasfamily,[WPA2-PSK-CCMP][RSN-PSK-CCMP][ESS][WPS],58:fc:20:1c:a5:10,-33,10 days,
1,Eliasfamily,[WPA2-PSK-CCMP][RSN-PSK-CCMP][ESS][WPS],58:fc:20:1c:a5:11,-43,10 days,
2,Eliasfamily,[WPA2-PSK-CCMP][RSN-PSK-CCMP][ESS][WPS],1c:57:3e:31:e6:e3,-80,10 days,
3,,[WPA2-PSK-CCMP][RSN-PSK-CCMP][ESS],62:57:3e:31:e6:e1,-84,10 days,
4,Eliasfamily,[WPA2-PSK-CCMP][RSN-PSK-CCMP][ESS][WPS],62:57:3e:31:e6:e0,-85,10 days,
0,Eliasfamily,[WPA2-PSK-CCMP][RSN-PSK-CCMP][ESS][WPS],58:fc:20:1c:a5:11,-51,10 days,
1,,[WPA2-PSK-CCMP][RSN-PSK-CCMP][ESS],58:fc:20:1c:a5:17,-51,10 days,
0,Eliasfamily,[WPA2-PSK-CCMP][RSN-PSK-CCMP][ESS][WPS],58:fc:20:1c:a5:11,-51,10 days,
1,,[WPA2-PSK-CCMP][RSN-PSK-CCMP][ESS],58:fc:20:1c:a5:17,-51,10 days,
0,,[WPA2-PSK-CCMP][RSN-PSK-CCMP][ESS],58:fc:20:1c:a5:17,-48,10 days,
1,Eliasfamily,[WPA2-PSK-CCMP][RSN-PSK-CCMP][ESS][WPS],58:fc:20:1c:a5:11,-49,10 days,
2,Eliasfamily,[WPA2-PSK-CCMP][RSN-PSK-CCMP][ESS][WPS],62:57:3e:31:e6:e0,-73,10 days,
0,Eliasfamily,[WPA2-PSK-CCMP][RSN-PSK-CCMP][ESS][WPS],58:fc:20:1c:a5:10,-37,10 days,
1,,[WPA2-PSK-CCMP][RSN-PSK-CCMP][ESS],58:fc:20:1c:a5:17,-59,10 days,
2,Eliasfamily,[WPA2-PSK-CCMP][RSN-PSK-CCMP][ESS][WPS],58:fc:20:1c:a5:11,-60,10 days,
3,Eliasfamily,[WPA2-PSK-CCMP][RSN-PSK-CCMP][ESS][WPS],1c:57:3e:31:e6:e3,-73,10 days,
4,Eliasfamily,[WPA2-PSK-CCMP][RSN-PSK-CCMP][ESS][WPS],62:57:3e:31:e6:e0,-74,10 days,
5,Eliasfamily,[WPA2-PSK-CCMP][RSN-PSK-CCMP][ESS][WPS],58:fc:20:ac:ab:f3,-81,10 days,
0,Eliasfamily,[WPA2-PSK-CCMP][RSN-PSK-CCMP][ESS][WPS],58:fc:20:1c:a5:10,-37,10 days,
1,,[WPA2-PSK-CCMP][RSN-PSK-CCMP][ESS],58:fc:20:1c:a5:17,-59,10 days,
2,Eliasfamily,[WPA2-PSK-CCMP][RSN-PSK-CCMP][ESS][WPS],58:fc:20:1c:a5:11,-60,10 days,
3,Eliasfamily,[WPA2-PSK-CCMP][RSN-PSK-CCMP][ESS][WPS],1c:57:3e:31:e6:e3,-73,10 days,
4,Eliasfamily,[WPA2-PSK-CCMP][RSN-PSK-CCMP][ESS][WPS],62:57:3e:31:e6:e0,-74,10 days,
5,Eliasfamily,[WPA2-PSK-CCMP][RSN-PSK-CCMP][ESS][WPS],58:fc:20:ac:ab:f3,-81,10 days,
0,Eliasfamily,[WPA2-PSK-CCMP][RSN-PSK-CCMP][ESS][WPS],58:fc:20:1c:a5:10,-38,10 days,
1,Eliasfamily,[WPA2-PSK-CCMP][RSN-PSK-CCMP][ESS][WPS],58:fc:20:1c:a5:11,-60,10 days,
2,Eliasfamily,[WPA2-PSK-CCMP][RSN-PSK-CCMP][ESS][WPS],62:57:3e:31:e6:e0,-73,10 days,
3,Eliasfamily,[WPA2-PSK-CCMP][RSN-PSK-CCMP][ESS][WPS],1c:57:3e:31:e6:e3,-73,10 days,
4,,[WPA2-PSK-CCMP][RSN-PSK-CCMP][ESS],62:57:3e:31:e6:e1,-73,10 days,
0,NVA1821-1,[WPA2-PSK-CCMP+TKIP][RSN-PSK-CCMP+TKIP][WPA-PSK-CCMP+TKIP][ESS],c0:ac:54:f8:b4:a4,-43,11 days,
1,NVA1821-2,[WPA2-PSK-CCMP+TKIP][RSN-PSK-CCMP+TKIP][WPA-PSK-CCMP+TKIP][ESS],c0:ac:54:f8:c2:85,-68,11 days,
2,HOTBOX 4-D208,[WPA2-PSK-CCMP+TKIP][RSN-PSK-CCMP+TKIP][WPA-PSK-CCMP+TKIP][ESS],98:1e:19:7e:d2:0e,-85,11 days,
3,BATCAVE,[WPA2-PSK-CCMP+TKIP][RSN-PSK-CCMP+TKIP][WPA-PSK-CCMP+TKIP][ESS],c0:ac:54:f8:b3:02,-91,11 days,
4,Dungeon,[WPA2-PSK-CCMP+TKIP][RSN-PSK-CCMP+TKIP][WPA-PSK-CCMP+TKIP][ESS],c0:ac:54:f8:e1:2a,-93,11 days,
5,pb12123,[WPA2-PSK-CCMP+TKIP][RSN-PSK-CCMP+TKIP][WPA-PSK-CCMP+TKIP][ESS],c0:ac:54:f8:d9:b3,-94,11 days,
0,NVA1821-1,[WPA2-PSK-CCMP+TKIP][RSN-PSK-CCMP+TKIP][WPA-PSK-CCMP+TKIP][ESS],c0:ac:54:f8:b4:a4,-52,11 days,
1,NVA1821-2,[WPA2-PSK-CCMP+TKIP][RSN-PSK-CCMP+TKIP][WPA-PSK-CCMP+TKIP][ESS],c0:ac:54:f8:c2:85,-66,11 days,
0,HOTBOX-2327,[WPA2-PSK-CCMP+TKIP][RSN-PSK-CCMP+TKIP][WPA-PSK-CCMP+TKIP][ESS],7c:b7:33:bf:23:2d,-71,7 days,
1,HOTBOX-6188,[WPA2-PSK-CCMP+TKIP][RSN-PSK-CCMP+TKIP][WPA-PSK-CCMP+TKIP][ESS],c0:ac:54:f8:97:b3,-75,7 days,
2,HOTBOX-61B2,[WPA2-PSK-CCMP+TKIP][RSN-PSK-CCMP+TKIP][WPA-PSK-CCMP+TKIP][ESS],c0:ac:54:f8:b1:ec,-82,7 days,
3,HOTBOX 4-6610,[WPA2-PSK-CCMP+TKIP][RSN-PSK-CCMP+TKIP][WPA-PSK-CCMP+TKIP][ESS],44:d4:54:9a:66:16,-92,7 days,
4,Dungeon,[WPA2-PSK-CCMP+TKIP][RSN-PSK-CCMP+TKIP][WPA-PSK-CCMP+TKIP][ESS],c0:ac:54:f8:e1:2a,-94,7 days,
5,HOTBOX-7F88,[WPA2-PSK-CCMP+TKIP][RSN-PSK-CCMP+TKIP][WPA-PSK-CCMP+TKIP][ESS],c0:ac:54:f8:c1:ce,-94,7 days,
0,NVA1821-1,[WPA2-PSK-CCMP+TKIP][RSN-PSK-CCMP+TKIP][WPA-PSK-CCMP+TKIP][ESS],c0:ac:54:f8:b4:a4,-45,12 days,
1,NVA1821-2,[WPA2-PSK-CCMP+TKIP][RSN-PSK-CCMP+TKIP][WPA-PSK-CCMP+TKIP][ESS],c0:ac:54:f8:c2:85,-67,12 days,
0,NVA1821-1,[WPA2-PSK-CCMP+TKIP][RSN-PSK-CCMP+TKIP][WPA-PSK-CCMP+TKIP][ESS],c0:ac:54:f8:b4:a4,-40,12 days,
1,HOTBOX 4-D208,[WPA2-PSK-CCMP+TKIP][RSN-PSK-CCMP+TKIP][WPA-PSK-CCMP+TKIP][ESS],98:1e:19:7e:d2:0e,-84,12 days,
2,BATCAVE,[WPA2-PSK-CCMP+TKIP][RSN-PSK-CCMP+TKIP][WPA-PSK-CCMP+TKIP][ESS],c0:ac:54:f8:b3:02,-86,12 days,
0,NVA1821-1,[WPA2-PSK-CCMP+TKIP][RSN-PSK-CCMP+TKIP][WPA-PSK-CCMP+TKIP][ESS],c0:ac:54:f8:b4:a4,-41,12 days,
1,NVA1821-2,[WPA2-PSK-CCMP+TKIP][RSN-PSK-CCMP+TKIP][WPA-PSK-CCMP+TKIP][ESS],c0:ac:54:f8:c2:85,-66,12 days,
2,HOTBOX 4-D208,[WPA2-PSK-CCMP+TKIP][RSN-PSK-CCMP+TKIP][WPA-PSK-CCMP+TKIP][ESS],98:1e:19:7e:d2:0e,-80,12 days,
3,Dungeon,[WPA2-PSK-CCMP+TKIP][RSN-PSK-CCMP+TKIP][WPA-PSK-CCMP+TKIP][ESS],c0:ac:54:f8:e1:2a,-89,12 days,
0,NVA1821-1,[WPA2-PSK-CCMP+TKIP][RSN-PSK-CCMP+TKIP][WPA-PSK-CCMP+TKIP][ESS],c0:ac:54:f8:b4:a4,-41,12 days,
1,NVA1821-2,[WPA2-PSK-CCMP+TKIP][RSN-PSK-CCMP+TKIP][WPA-PSK-CCMP+TKIP][ESS],c0:ac:54:f8:c2:85,-64,12 days,
2,HOTBOX 4-D208,[WPA2-PSK-CCMP+TKIP][RSN-PSK-CCMP+TKIP][WPA-PSK-CCMP+TKIP][ESS],98:1e:19:7e:d2:0e,-83,12 days,
3,Dungeon,[WPA2-PSK-CCMP+TKIP][RSN-PSK-CCMP+TKIP][WPA-PSK-CCMP+TKIP][ESS],c0:ac:54:f8:e1:2a,-87,12 days,
0,HOTBOX-2327,[WPA2-PSK-CCMP+TKIP][RSN-PSK-CCMP+TKIP][WPA-PSK-CCMP+TKIP][ESS],7c:b7:33:bf:23:2d,-71,7 days,
1,HOTBOX-61A6,[WPA2-PSK-CCMP+TKIP][RSN-PSK-CCMP+TKIP][WPA-PSK-CCMP+TKIP][ESS],c0:ac:54:f8:97:c3,-73,7 days,
2,HOTBOX-81D0,[WPA2-PSK-CCMP+TKIP][RSN-PSK-CCMP+TKIP][WPA-PSK-CCMP+TKIP][ESS],c0:ac:54:f9:07:cd,-78,7 days,
3,Dungeon,[WPA2-PSK-CCMP+TKIP][RSN-PSK-CCMP+TKIP][WPA-PSK-CCMP+TKIP][ESS],c0:ac:54:f8:e1:2a,-89,7 days,
4,HOTBOX-81D6,[WPA2-PSK-CCMP+TKIP][RSN-PSK-CCMP+TKIP][WPA-PSK-CCMP+TKIP][ESS],c0:ac:54:f9:04:d5,-90,7 days,
5,HOTBOX-ABF8,[WPA2-PSK-CCMP+TKIP][RSN-PSK-CCMP+TKIP][WPA-PSK-CCMP+TKIP][ESS],c0:ac:54:f8:e9:09,-91,7 days,
6,HOTBOX-7F88,[WPA2-PSK-CCMP+TKIP][RSN-PSK-CCMP+TKIP][WPA-PSK-CCMP+TKIP][ESS],c0:ac:54:f8:c1:ce,-92,7 days,
7,HOTBOX 4-FB20,[WPA2-PSK-CCMP+TKIP][RSN-PSK-CCMP+TKIP][WPA-PSK-CCMP+TKIP][ESS],6c:ba:b8:f3:fb:26,-94,7 days,
8,HOTBOX-81A0,[WPA2-PSK-CCMP+TKIP][RSN-PSK-CCMP+TKIP][WPA-PSK-CCMP+TKIP][ESS],c0:ac:54:f9:05:98,-95,7 days,
0,HOTBOX-61B2,[WPA2-PSK-CCMP+TKIP][RSN-PSK-CCMP+TKIP][WPA-PSK-CCMP+TKIP][ESS],c0:ac:54:f8:b1:ec,-75,7 days,
1,HOTBOX-81D0,[WPA2-PSK-CCMP+TKIP][RSN-PSK-CCMP+TKIP][WPA-PSK-CCMP+TKIP][ESS],c0:ac:54:f9:07:cd,-79,7 days,
2,HOTBOX-6188,[WPA2-PSK-CCMP+TKIP][RSN-PSK-CCMP+TKIP][WPA-PSK-CCMP+TKIP][ESS],c0:ac:54:f8:97:b3,-80,7 days,
3,HOTBOX-2327,[WPA2-PSK-CCMP+TKIP][RSN-PSK-CCMP+TKIP][WPA-PSK-CCMP+TKIP][ESS],7c:b7:33:bf:23:2d,-81,7 days,
4,TP-Link_12124,[WPA-PSK-CCMP][WPA2-PSK-CCMP][RSN-PSK-CCMP][ESS][WPS],28:ee:52:9c:57:44,-87,7 days,
5,HOTBOX 4-6610,[WPA2-PSK-CCMP+TKIP][RSN-PSK-CCMP+TKIP][WPA-PSK-CCMP+TKIP][ESS],44:d4:54:9a:66:16,-88,7 days,
6,HOTBOX-7F88,[WPA2-PSK-CCMP+TKIP][RSN-PSK-CCMP+TKIP][WPA-PSK-CCMP+TKIP][ESS],c0:ac:54:f8:c1:ce,-89,7 days,
7,HOTBOX-61A6,[WPA2-PSK-CCMP+TKIP][RSN-PSK-CCMP+TKIP][WPA-PSK-CCMP+TKIP][ESS],c0:ac:54:f8:97:c3,-89,7 days,
8,NVB02123,[WPA2-PSK-CCMP+TKIP][RSN-PSK-CCMP+TKIP][WPA-PSK-CCMP+TKIP][ESS],c0:ac:54:f8:c0:61,-93,7 days,
9,HOTBOX-ABF8,[WPA2-PSK-CCMP+TKIP][RSN-PSK-CCMP+TKIP][WPA-PSK-CCMP+TKIP][ESS],c0:ac:54:f8:e9:09,-96,7 days,
10,HOTBOX-5A2A,[WPA2-PSK-CCMP+TKIP][RSN-PSK-CCMP+TKIP][WPA-PSK-CCMP+TKIP][ESS],70:0b:01:ec:5a:30,-96,7 days,
11,Hi-Smart-c893465c0015,[ESS],c8:93:46:5c:00:15,-96,7 days,
